SNP,chr_name,chrom_start,GENPOS,ALLELE1,ALLELE0,A1FREQ,A2FREQ,maf,INFO,ncase,ncontrol,beta,se,pval
rs577447091,2,22712782,0.432112,T,C,0.995308,0.004692,0.004692,0.953806,1106,372016,-1.754386805,0.318951981,3.80E-08
rs553312575,3,126906368,1.40265,C,T,0.998938,0.001062,0.001062,0.946297,1106,372016,-3.80135751,0.671751929,1.50E-08
rs544448386,3,126911057,1.40267,G,T,0.998887,0.001113,0.001113,0.958463,1106,372016,-3.589642757,0.65233995,3.70E-08
rs192405420,3,176620074,1.9075,A,G,0.994681,0.005319,0.005319,0.907726,1106,372016,-1.84779913,0.307295657,1.80E-09
rs556541379,6,24604726,0.477319,T,C,0.994885,0.005115,0.005115,0.904994,1106,372016,-1.712209653,0.313734398,4.80E-08
rs757302085,8,24644868,0.55376,T,C,0.99897,0.00103,0.00103,0.914378,1106,372016,-4.077835255,0.694297165,4.30E-09
rs537168369,8,75975506,1.00332,G,A,0.99421,0.00579,0.00579,0.835525,1106,372016,-1.720685687,0.307152529,2.10E-08
rs559361171,12,129020094,1.61675,T,A,0.9989,0.0011,0.0011,0.900781,1106,372016,-3.786097265,0.676313085,2.20E-08
rs541229075,20,24541516,0.511772,A,C,0.998799,0.001201,0.001201,0.916637,1106,372016,-3.650988266,0.643447728,1.40E-08
rs547193349,20,29880357,0.518637,G,A,0.998559,0.001441,0.001441,0.927437,1106,372016,-4.098881535,0.582217263,1.90E-12