Phenotype,SNP,pathway,effect_allele,other_allele,eaf,beta,se,pval
CETP,rs3764261,LDL-C,A,C,0.2942,-0.044708995,0.0035,2.22E-34
CETP,rs1800775,LDL-C,A,C,0.4802,-0.034867725,0.0032,8.54E-24
CETP,rs1864163,LDL-C,G,A,0.7322,-0.036984127,0.0038,7.97E-21
CETP,rs9929488,LDL-C,G,C,0.6966,-0.031587302,0.0041,8.15E-13
CETP,rs9989419,LDL-C,G,A,0.595,-0.023439153,0.0036,2.49E-12
CETP,rs12708967,LDL-C,T,C,0.8034,-0.02962963,0.0043,3.47E-11
CETP,rs289714,LDL-C,A,G,0.7942,-0.03031746,0.0045,2.85E-10
CETP,rs5880,LDL-C,G,C,0.9406,-0.03978836,0.0082,1.59E-06