"","outcome","exposure","egger_intercept","se","pval"
"1","HNC","HMGCR",-0.000869560823167866,0.130076824653457,0.994666198304209
"2","HNC","NPC1L1",0.0834075850107366,0.266876107789731,0.754635503670983
"3","HNC","PCSK9",-0.0127326553389506,0.115266082788277,0.912042067887139
"4","HNC","LDLR",-0.00939181862586823,0.0445771422820187,0.833131620075649
"5","HNC","CETP",0.017019193004058,0.0705575705645927,NA
