"","outcome","exposure","egger_intercept","se","pval"
"1","HNC","HMGCR",-0.0245499683198262,0.066927925298524,0.713759231595186
"2","HNC","NPC1L1",0.0490241837706574,0.195792044069562,0.80228649736985
"3","HNC","PCSK9",0.00971701240527665,0.0548581988361858,0.859406569339834
"4","HNC","LDLR",-0.0372520520484005,0.0340562966794147,0.274026284594197
"5","HNC","CETP",0.000772028720302877,0.0657919937198935,NA
