"","outcome","exposure","egger_intercept","se","pval"
"1","HNC","HMGCR",-0.0118749166262952,0.0869292757531102,0.891343543245733
"2","HNC","NPC1L1",0.0235660357915492,0.15949322077684,0.882535555391815
"3","HNC","PCSK9",0.0349185906930135,0.0780087105642866,0.654424397615941
"4","HNC","LDLR",-0.0621254695253217,0.625811096405332,0.920922372316567
"5","HNC","CETP",-0.00887450577506019,0.0924189177709454,NA
