"F","mF","Isq_unweighted","Isq_weighted"
25.2784112675908,56.1677035610484,0.462637323539538,0.86097143411075
99.232907515887,56.1677035610484,0.462637323539538,0.86097143411075
93.9446790217068,56.1677035610484,0.462637323539538,0.86097143411075
19.5204995241259,56.1677035610484,0.462637323539538,0.86097143411075
42.8620204759314,56.1677035610484,0.462637323539538,0.86097143411075
