"F","mF","Isq_unweighted","Isq_weighted"
1757.49441319536,2269.64723732264,0.992242062341549,0.982231957723487
4721.50083085968,2269.64723732264,0.992242062341549,0.982231957723487
2765.61838218761,2269.64723732264,0.992242062341549,0.982231957723487
1018.71486913997,2269.64723732264,0.992242062341549,0.982231957723487
2818.04599714344,2269.64723732264,0.992242062341549,0.982231957723487
700.128874622652,2269.64723732264,0.992242062341549,0.982231957723487
2106.02729410973,2269.64723732264,0.992242062341549,0.982231957723487
