"F","mF","Isq_unweighted","Isq_weighted"
47.4805286066468,74.3484380453489,0.669408193486329,0.860239003199494
118.726391276917,74.3484380453489,0.669408193486329,0.860239003199494
94.724768002225,74.3484380453489,0.669408193486329,0.860239003199494
45.3900434988445,74.3484380453489,0.669408193486329,0.860239003199494
163.175039502859,74.3484380453489,0.669408193486329,0.860239003199494
23.5442235498156,74.3484380453489,0.669408193486329,0.860239003199494
59.3550058084,74.3484380453489,0.669408193486329,0.860239003199494
42.391504117084,74.3484380453489,0.669408193486329,0.860239003199494
