"F","mF","Isq_unweighted","Isq_weighted"
382.008393151225,1028.15144001967,0.997879709652451,0.996289183608953
2494.98220606984,1028.15144001967,0.997879709652451,0.996289183608953
207.463720837936,1028.15144001967,0.997879709652451,0.996289183608953
