"F","mF","Isq_unweighted","Isq_weighted"
83.3999464048617,118.389625815293,0.797418393513741,0.933709623677041
382.263283997166,118.389625815293,0.797418393513741,0.933709623677041
103.341021956614,118.389625815293,0.797418393513741,0.933709623677041
48.9385770387302,118.389625815293,0.797418393513741,0.933709623677041
43.5518910943943,118.389625815293,0.797418393513741,0.933709623677041
48.8430343999952,118.389625815293,0.797418393513741,0.933709623677041
